id	x	y	temperature
49	0	49	111.95165
99	1	49	94.937836
149	2	49	35.18068
199	3	49	84.08986
249	4	49	67.008514
299	5	49	97.36809
349	6	49	50.234688
399	7	49	105.49649
449	8	49	78.72744
499	9	49	103.39602
549	10	49	77.574905
599	11	49	117.47496
649	12	49	32.04389
699	13	49	109.41531
749	14	49	79.943726
799	15	49	63.1669
849	16	49	70.96579
899	17	49	98.12143
949	18	49	74.379715
999	19	49	46.777916
1049	20	49	97.36189
1099	21	49	62.51589
1149	22	49	73.45412
1199	23	49	68.443695
1249	24	49	91.73152
1299	25	49	104.74835
1349	26	49	77.94452
1399	27	49	28.354095
1449	28	49	76.2675
1499	29	49	88.239105
1549	30	49	107.78235
1599	31	49	95.83683
1649	32	49	94.22517
1699	33	49	37.31438
1749	34	49	19.720118
1799	35	49	102.15541
1849	36	49	53.187195
1899	37	49	387.1663
1949	38	49	23.31503
1999	39	49	95.10224
2049	40	49	37.26925
2099	41	49	58.307106
2149	42	49	70.04467
2199	43	49	62.590412
2249	44	49	115.460266
2299	45	49	100.296715
2349	46	49	28.453861
2399	47	49	66.00191
2449	48	49	56.33805
2499	49	49	102.3698
48	0	48	59.684326
98	1	48	84.354996
148	2	48	50.167328
198	3	48	24.920055
248	4	48	105.5766
298	5	48	49.42759
348	6	48	106.057365
398	7	48	111.65713
448	8	48	106.53848
498	9	48	110.67173
548	10	48	54.756134
598	11	48	98.9514
648	12	48	67.816635
698	13	48	29.554413
748	14	48	56.453884
798	15	48	89.203766
848	16	48	62.1922
898	17	48	87.292656
948	18	48	115.193565
998	19	48	69.53969
1048	20	48	56.048534
1098	21	48	32.411774
1148	22	48	71.71294
1198	23	48	109.96037
1248	24	48	38.56008
1298	25	48	52.54003
1348	26	48	113.77235
1398	27	48	67.149765
1448	28	48	70.29288
1498	29	48	33.84208
1548	30	48	63.268307
1598	31	48	35.90511
1648	32	48	52.76353
1698	33	48	20.898603
1748	34	48	61.819027
1798	35	48	117.108246
1848	36	48	71.20332
1898	37	48	20.842007
1948	38	48	43.26158
1998	39	48	116.60041
2048	40	48	89.329605
2098	41	48	66.86591
2148	42	48	42.20965
2198	43	48	93.958496
2248	44	48	19.651913
2298	45	48	106.062256
2348	46	48	73.32709
2398	47	48	25.595722
2448	48	48	34.91273
2498	49	48	35.5474
47	0	47	84.08654
97	1	47	70.17825
147	2	47	43.361458
197	3	47	38.782986
247	4	47	25.19023
297	5	47	72.5726
347	6	47	116.04624
397	7	47	57.39919
447	8	47	108.49475
497	9	47	78.30428
547	10	47	101.91856
597	11	47	69.460785
647	12	47	105.12608
697	13	47	97.078545
747	14	47	39.70563
797	15	47	63.659542
847	16	47	42.05336
897	17	47	103.47754
947	18	47	91.88803
997	19	47	379.69867
1047	20	47	332.45456
1097	21	47	303.60605
1147	22	47	46.932575
1197	23	47	20.644815
1247	24	47	22.868645
1297	25	47	111.77034
1347	26	47	114.809494
1397	27	47	57.891792
1447	28	47	79.40088
1497	29	47	98.306305
1547	30	47	45.467113
1597	31	47	33.443226
1647	32	47	63.356007
1697	33	47	38.629807
1747	34	47	28.308949
1797	35	47	83.73291
1847	36	47	29.212917
1897	37	47	31.565575
1947	38	47	49.235184
1997	39	47	80.52942
2047	40	47	96.553116
2097	41	47	75.92592
2147	42	47	109.59836
2197	43	47	101.83434
2247	44	47	94.02168
2297	45	47	110.35956
2347	46	47	49.63053
2397	47	47	69.12983
2447	48	47	80.159096
2497	49	47	47.263893
46	0	46	94.00377
96	1	46	68.11917
146	2	46	23.040138
196	3	46	39.488228
246	4	46	114.54414
296	5	46	44.44491
346	6	46	99.23096
396	7	46	111.945404
446	8	46	56.609962
496	9	46	26.45712
546	10	46	116.602615
596	11	46	112.35123
646	12	46	68.15763
696	13	46	45.591766
746	14	46	34.021423
796	15	46	88.27106
846	16	46	39.256325
896	17	46	27.984938
946	18	46	94.2361
996	19	46	362.2149
1046	20	46	99.63019
1096	21	46	47.774513
1146	22	46	341.656
1196	23	46	66.01944
1246	24	46	110.22035
1296	25	46	98.68043
1346	26	46	105.16308
1396	27	46	45.704033
1446	28	46	25.958374
1496	29	46	111.92338
1546	30	46	41.951214
1596	31	46	57.991356
1646	32	46	51.700172
1696	33	46	78.87878
1746	34	46	38.644817
1796	35	46	19.882465
1846	36	46	34.96021
1896	37	46	79.68054
1946	38	46	100.34061
1996	39	46	88.76907
2046	40	46	18.635536
2096	41	46	99.65249
2146	42	46	114.17517
2196	43	46	58.699966
2246	44	46	79.452644
2296	45	46	47.045982
2346	46	46	40.359802
2396	47	46	60.111294
2446	48	46	91.79373
2496	49	46	83.076645
45	0	45	42.308475
95	1	45	67.69362
145	2	45	106.51415
195	3	45	50.896988
245	4	45	107.29835
295	5	45	48.459496
345	6	45	36.96206
395	7	45	82.18524
445	8	45	51.777367
495	9	45	21.274485
545	10	45	55.170494
595	11	45	65.815994
645	12	45	69.20059
695	13	45	19.034248
745	14	45	43.27128
795	15	45	70.96484
845	16	45	104.99297
895	17	45	28.205006
945	18	45	103.72861
995	19	45	89.315445
1045	20	45	40.23783
1095	21	45	313.00867
1145	22	45	396.75613
1195	23	45	86.78705
1245	24	45	42.74207
1295	25	45	45.495182
1345	26	45	80.69351
1395	27	45	33.274498
1445	28	45	92.62257
1495	29	45	61.171616
1545	30	45	91.55463
1595	31	45	77.49649
1645	32	45	97.37397
1695	33	45	98.37658
1745	34	45	46.897514
1795	35	45	102.5936
1845	36	45	340.0484
1895	37	45	109.72048
1945	38	45	60.31869
1995	39	45	50.374855
2045	40	45	63.002815
2095	41	45	32.663834
2145	42	45	42.70813
2195	43	45	98.43409
2245	44	45	20.435467
2295	45	45	47.490807
2345	46	45	30.559608
2395	47	45	68.25279
2445	48	45	90.54364
2495	49	45	47.99453
44	0	44	94.11657
94	1	44	71.03021
144	2	44	88.18966
194	3	44	34.763016
244	4	44	45.246864
294	5	44	116.31793
344	6	44	29.331844
394	7	44	116.11036
444	8	44	82.24559
494	9	44	113.502686
544	10	44	73.396255
594	11	44	105.07465
644	12	44	103.63934
694	13	44	42.786373
744	14	44	57.560047
794	15	44	56.01743
844	16	44	98.21695
894	17	44	52.298225
944	18	44	25.266428
994	19	44	27.95344
1044	20	44	37.97203
1094	21	44	81.14992
1144	22	44	325.52005
1194	23	44	86.25199
1244	24	44	65.37492
1294	25	44	96.28902
1344	26	44	80.138916
1394	27	44	66.59982
1444	28	44	100.26153
1494	29	44	97.1622
1544	30	44	108.77958
1594	31	44	114.01199
1644	32	44	82.21082
1694	33	44	25.087605
1744	34	44	69.439896
1794	35	44	90.93947
1844	36	44	369.40997
1894	37	44	369.655
1944	38	44	108.672646
1994	39	44	116.43362
2044	40	44	33.633423
2094	41	44	79.542564
2144	42	44	109.300186
2194	43	44	78.98809
2244	44	44	19.567347
2294	45	44	95.69375
2344	46	44	66.929886
2394	47	44	86.50465
2444	48	44	72.60924
2494	49	44	92.57441
43	0	43	92.45835
93	1	43	56.173218
143	2	43	111.52063
193	3	43	103.14545
243	4	43	79.79089
293	5	43	80.07118
343	6	43	110.9631
393	7	43	48.7628
443	8	43	83.9168
493	9	43	22.243324
543	10	43	23.09902
593	11	43	45.411102
643	12	43	38.775433
693	13	43	24.967741
743	14	43	68.42148
793	15	43	96.35845
843	16	43	63.411488
893	17	43	77.29566
943	18	43	52.91641
993	19	43	69.99635
1043	20	43	76.36905
1093	21	43	100.07429
1143	22	43	381.8673
1193	23	43	368.40265
1243	24	43	98.10601
1293	25	43	36.222153
1343	26	43	99.20558
1393	27	43	76.78104
1443	28	43	25.904518
1493	29	43	72.69044
1543	30	43	65.32683
1593	31	43	57.816402
1643	32	43	75.97888
1693	33	43	86.083824
1743	34	43	78.83923
1793	35	43	42.190376
1843	36	43	84.33168
1893	37	43	28.965528
1943	38	43	99.11723
1993	39	43	98.84309
2043	40	43	88.75883
2093	41	43	56.261456
2143	42	43	27.69793
2193	43	43	78.837204
2243	44	43	88.11584
2293	45	43	25.300869
2343	46	43	67.51587
2393	47	43	76.32787
2443	48	43	85.338295
2493	49	43	20.366669
42	0	42	73.68648
92	1	42	106.158615
142	2	42	29.502636
192	3	42	105.47194
242	4	42	33.433556
292	5	42	77.52296
342	6	42	85.64796
392	7	42	68.43222
442	8	42	39.253014
492	9	42	72.507126
542	10	42	112.10558
592	11	42	84.22329
642	12	42	81.835526
692	13	42	72.21622
742	14	42	18.518784
792	15	42	95.54953
842	16	42	42.417976
892	17	42	104.537674
942	18	42	60.81284
992	19	42	67.54492
1042	20	42	20.386738
1092	21	42	60.89905
1142	22	42	71.699234
1192	23	42	25.870447
1242	24	42	37.27664
1292	25	42	91.43394
1342	26	42	47.305862
1392	27	42	116.84612
1442	28	42	94.65493
1492	29	42	91.690475
1542	30	42	52.570812
1592	31	42	57.94196
1642	32	42	69.39259
1692	33	42	26.518686
1742	34	42	79.30524
1792	35	42	99.01052
1842	36	42	29.65004
1892	37	42	80.356895
1942	38	42	20.89966
1992	39	42	302.9735
2042	40	42	94.558
2092	41	42	28.550415
2142	42	42	23.145432
2192	43	42	99.517
2242	44	42	55.603176
2292	45	42	57.050747
2342	46	42	99.13287
2392	47	42	58.240093
2442	48	42	99.52852
2492	49	42	54.42519
41	0	41	50.76824
91	1	41	69.81903
141	2	41	61.246056
191	3	41	75.91232
241	4	41	51.28008
291	5	41	63.718273
341	6	41	57.5543
391	7	41	45.93335
441	8	41	84.69739
491	9	41	82.02706
541	10	41	19.769093
591	11	41	117.4993
641	12	41	45.31629
691	13	41	114.537766
741	14	41	85.77144
791	15	41	53.446796
841	16	41	67.43379
891	17	41	98.34338
941	18	41	27.48615
991	19	41	89.40112
1041	20	41	52.117535
1091	21	41	54.224308
1141	22	41	101.47658
1191	23	41	92.14492
1241	24	41	91.013535
1291	25	41	98.248764
1341	26	41	114.20827
1391	27	41	69.73134
1441	28	41	19.34099
1491	29	41	38.272766
1541	30	41	30.378468
1591	31	41	88.925354
1641	32	41	34.491936
1691	33	41	40.801456
1741	34	41	80.23421
1791	35	41	39.564186
1841	36	41	101.09994
1891	37	41	43.464867
1941	38	41	79.26697
1991	39	41	337.81787
2041	40	41	348.55603
2091	41	41	376.66132
2141	42	41	90.068695
2191	43	41	29.052738
2241	44	41	48.602127
2291	45	41	73.39241
2341	46	41	78.90509
2391	47	41	90.26155
2441	48	41	38.510246
2491	49	41	94.80823
40	0	40	66.517654
90	1	40	106.355774
140	2	40	49.669144
190	3	40	103.61703
240	4	40	116.94816
290	5	40	67.739426
340	6	40	63.846317
390	7	40	58.029404
440	8	40	21.492746
490	9	40	61.389427
540	10	40	89.3009
590	11	40	48.02339
640	12	40	80.76988
690	13	40	323.96646
740	14	40	84.689804
790	15	40	31.281992
840	16	40	36.25727
890	17	40	96.03782
940	18	40	63.679752
990	19	40	64.140305
1040	20	40	92.16914
1090	21	40	90.61966
1140	22	40	42.71346
1190	23	40	56.464592
1240	24	40	76.55786
1290	25	40	81.23829
1340	26	40	397.6677
1390	27	40	32.839954
1440	28	40	77.38435
1490	29	40	91.087845
1540	30	40	97.62172
1590	31	40	111.51531
1640	32	40	33.03345
1690	33	40	73.96502
1740	34	40	62.18226
1790	35	40	87.04114
1840	36	40	96.27198
1890	37	40	48.742218
1940	38	40	62.123222
1990	39	40	314.35925
2040	40	40	35.209007
2090	41	40	35.65782
2140	42	40	61.191246
2190	43	40	84.65656
2240	44	40	85.90064
2290	45	40	36.71888
2340	46	40	67.88047
2390	47	40	40.70294
2440	48	40	25.827936
2490	49	40	88.87211
39	0	39	51.88952
89	1	39	88.16761
139	2	39	97.65234
189	3	39	31.18536
239	4	39	87.56851
289	5	39	25.947798
339	6	39	26.619305
389	7	39	108.12613
439	8	39	24.052498
489	9	39	27.317425
539	10	39	20.270578
589	11	39	51.168175
639	12	39	56.641415
689	13	39	378.411
739	14	39	35.70604
789	15	39	49.302376
839	16	39	86.21472
889	17	39	39.961014
939	18	39	95.778595
989	19	39	86.61372
1039	20	39	51.013405
1089	21	39	115.06751
1139	22	39	43.221603
1189	23	39	110.44295
1239	24	39	22.62685
1289	25	39	48.240707
1339	26	39	326.7858
1389	27	39	50.462265
1439	28	39	25.31686
1489	29	39	57.997025
1539	30	39	38.12471
1589	31	39	101.88849
1639	32	39	74.16034
1689	33	39	94.37903
1739	34	39	112.55502
1789	35	39	89.43027
1839	36	39	106.72875
1889	37	39	66.68826
1939	38	39	107.56894
1989	39	39	77.88427
2039	40	39	53.499744
2089	41	39	101.44647
2139	42	39	101.65958
2189	43	39	37.312363
2239	44	39	105.3651
2289	45	39	73.38971
2339	46	39	112.26693
2389	47	39	34.27713
2439	48	39	36.290066
2489	49	39	43.839462
38	0	38	74.941666
88	1	38	69.65628
138	2	38	78.875465
188	3	38	63.604877
238	4	38	51.473755
288	5	38	70.47374
338	6	38	57.188446
388	7	38	394.44556
438	8	38	351.60907
488	9	38	107.15906
538	10	38	63.639126
588	11	38	319.60318
638	12	38	397.66327
688	13	38	360.77887
738	14	38	47.62371
788	15	38	41.857964
838	16	38	46.69182
888	17	38	67.08864
938	18	38	86.01163
988	19	38	21.799656
1038	20	38	26.221249
1088	21	38	71.918625
1138	22	38	49.211708
1188	23	38	83.483475
1238	24	38	83.47818
1288	25	38	59.26589
1338	26	38	87.492
1388	27	38	65.656815
1438	28	38	43.07067
1488	29	38	25.330095
1538	30	38	91.21576
1588	31	38	38.658375
1638	32	38	86.07924
1688	33	38	99.855675
1738	34	38	60.226433
1788	35	38	44.42988
1838	36	38	68.17999
1888	37	38	46.693253
1938	38	38	53.532444
1988	39	38	95.01341
2038	40	38	72.094345
2088	41	38	38.034187
2138	42	38	68.528946
2188	43	38	38.431053
2238	44	38	32.645603
2288	45	38	47.42807
2338	46	38	36.387383
2388	47	38	30.921902
2438	48	38	92.93064
2488	49	38	53.198536
37	0	37	42.048912
87	1	37	56.83655
137	2	37	84.42649
187	3	37	96.97149
237	4	37	107.8253
287	5	37	86.831436
337	6	37	41.694874
387	7	37	65.62244
437	8	37	324.99185
487	9	37	101.740585
537	10	37	60.557446
587	11	37	46.9198
637	12	37	347.00684
687	13	37	359.52032
737	14	37	306.9503
787	15	37	114.68991
837	16	37	96.69942
887	17	37	99.923454
937	18	37	34.824024
987	19	37	88.95868
1037	20	37	72.40257
1087	21	37	26.512526
1137	22	37	44.855103
1187	23	37	38.322247
1237	24	37	64.4383
1287	25	37	99.71929
1337	26	37	19.121214
1387	27	37	28.423208
1437	28	37	66.401794
1487	29	37	33.129932
1537	30	37	65.0312
1587	31	37	28.976913
1637	32	37	56.32686
1687	33	37	23.726295
1737	34	37	19.21008
1787	35	37	91.5494
1837	36	37	57.126053
1887	37	37	26.944925
1937	38	37	100.27867
1987	39	37	104.96908
2037	40	37	54.3765
2087	41	37	88.04074
2137	42	37	104.59906
2187	43	37	67.36775
2237	44	37	112.89161
2287	45	37	68.82698
2337	46	37	29.565365
2387	47	37	113.597
2437	48	37	62.787834
2487	49	37	47.95539
36	0	36	97.89353
86	1	36	98.993774
136	2	36	102.00431
186	3	36	102.17015
236	4	36	92.60394
286	5	36	72.81976
336	6	36	64.34186
386	7	36	106.768425
436	8	36	300.77826
486	9	36	72.16144
536	10	36	40.52202
586	11	36	73.0941
636	12	36	61.372566
686	13	36	71.8539
736	14	36	116.84547
786	15	36	22.17891
836	16	36	44.40469
886	17	36	96.00704
936	18	36	45.101578
986	19	36	50.943577
1036	20	36	53.139072
1086	21	36	22.148643
1136	22	36	34.524303
1186	23	36	28.667015
1236	24	36	40.88581
1286	25	36	107.02441
1336	26	36	115.696686
1386	27	36	43.93891
1436	28	36	35.761856
1486	29	36	70.05339
1536	30	36	27.023705
1586	31	36	94.286575
1636	32	36	47.291542
1686	33	36	102.17126
1736	34	36	31.33257
1786	35	36	75.44482
1836	36	36	102.77092
1886	37	36	47.423775
1936	38	36	52.384235
1986	39	36	23.053722
2036	40	36	94.26844
2086	41	36	112.29603
2136	42	36	99.62156
2186	43	36	67.0696
2236	44	36	85.13125
2286	45	36	38.461536
2336	46	36	30.16417
2386	47	36	29.160433
2436	48	36	68.88208
2486	49	36	28.386072
35	0	35	50.63578
85	1	35	58.86025
135	2	35	80.264885
185	3	35	102.2582
235	4	35	33.542168
285	5	35	72.911064
335	6	35	81.57883
385	7	35	63.548542
435	8	35	82.427444
485	9	35	91.80089
535	10	35	80.322876
585	11	35	24.592236
635	12	35	106.18324
685	13	35	74.23488
735	14	35	106.72679
785	15	35	22.0425
835	16	35	24.690792
885	17	35	20.918598
935	18	35	114.18691
985	19	35	115.92895
1035	20	35	86.10605
1085	21	35	92.91746
1135	22	35	86.77476
1185	23	35	59.100277
1235	24	35	113.20874
1285	25	35	115.48839
1335	26	35	22.499317
1385	27	35	86.068306
1435	28	35	65.34241
1485	29	35	42.122696
1535	30	35	22.93441
1585	31	35	103.16297
1635	32	35	87.788376
1685	33	35	80.48953
1735	34	35	74.2193
1785	35	35	44.06351
1835	36	35	61.541763
1885	37	35	113.21259
1935	38	35	56.145294
1985	39	35	25.059767
2035	40	35	85.5608
2085	41	35	49.74662
2135	42	35	114.53913
2185	43	35	114.65691
2235	44	35	52.66254
2285	45	35	38.11646
2335	46	35	85.14009
2385	47	35	109.051155
2435	48	35	50.90765
2485	49	35	60.16643
34	0	34	36.201958
84	1	34	81.03796
134	2	34	75.96658
184	3	34	71.176636
234	4	34	49.916946
284	5	34	108.30052
334	6	34	20.436829
384	7	34	99.7191
434	8	34	39.542732
484	9	34	61.550213
534	10	34	103.46261
584	11	34	108.63493
634	12	34	62.138042
684	13	34	31.737251
734	14	34	97.03724
784	15	34	100.182556
834	16	34	76.3392
884	17	34	74.72539
934	18	34	58.856136
984	19	34	29.01943
1034	20	34	21.238556
1084	21	34	91.57294
1134	22	34	42.597244
1184	23	34	61.826653
1234	24	34	26.429802
1284	25	34	40.114006
1334	26	34	78.73311
1384	27	34	53.647205
1434	28	34	23.795471
1484	29	34	94.03044
1534	30	34	111.790596
1584	31	34	112.29433
1634	32	34	97.60263
1684	33	34	28.342815
1734	34	34	104.99315
1784	35	34	20.4199
1834	36	34	82.71469
1884	37	34	41.910397
1934	38	34	53.58905
1984	39	34	70.46933
2034	40	34	96.9552
2084	41	34	75.073074
2134	42	34	37.366116
2184	43	34	33.489586
2234	44	34	77.74094
2284	45	34	65.255455
2334	46	34	38.50331
2384	47	34	77.91559
2434	48	34	83.1218
2484	49	34	113.8975
33	0	33	49.44619
83	1	33	37.80678
133	2	33	22.35776
183	3	33	116.80921
233	4	33	116.63395
283	5	33	113.046394
333	6	33	103.03026
383	7	33	55.421886
433	8	33	59.588627
483	9	33	21.103325
533	10	33	37.27215
583	11	33	103.39958
633	12	33	92.20609
683	13	33	32.0094
733	14	33	92.90314
783	15	33	44.63836
833	16	33	22.041298
883	17	33	80.330475
933	18	33	79.832596
983	19	33	31.784027
1033	20	33	55.151604
1083	21	33	33.121124
1133	22	33	56.69186
1183	23	33	47.760803
1233	24	33	28.011126
1283	25	33	89.58886
1333	26	33	80.80301
1383	27	33	82.36738
1433	28	33	109.83828
1483	29	33	76.9128
1533	30	33	48.928436
1583	31	33	95.505455
1633	32	33	41.03634
1683	33	33	45.956318
1733	34	33	103.019066
1783	35	33	77.8652
1833	36	33	21.008993
1883	37	33	35.73829
1933	38	33	56.398743
1983	39	33	90.34387
2033	40	33	106.61977
2083	41	33	84.90227
2133	42	33	97.70787
2183	43	33	56.81394
2233	44	33	94.37832
2283	45	33	37.451073
2333	46	33	114.409515
2383	47	33	48.30879
2433	48	33	111.43289
2483	49	33	114.878525
32	0	32	70.47835
82	1	32	50.56805
132	2	32	96.08338
182	3	32	96.251625
232	4	32	91.40913
282	5	32	47.24479
332	6	32	21.597778
382	7	32	57.346306
432	8	32	41.640274
482	9	32	71.29906
532	10	32	40.14735
582	11	32	60.258953
632	12	32	90.52529
682	13	32	50.27009
732	14	32	73.25819
782	15	32	55.366234
832	16	32	95.95201
882	17	32	51.540764
932	18	32	85.0511
982	19	32	103.68097
1032	20	32	92.60445
1082	21	32	37.06187
1132	22	32	83.69421
1182	23	32	58.56465
1232	24	32	42.627266
1282	25	32	48.919655
1332	26	32	114.88564
1382	27	32	44.22366
1432	28	32	18.2922
1482	29	32	58.17833
1532	30	32	76.87926
1582	31	32	97.107445
1632	32	32	97.37265
1682	33	32	18.709116
1732	34	32	101.857254
1782	35	32	32.899574
1832	36	32	315.52374
1882	37	32	26.036713
1932	38	32	39.53401
1982	39	32	32.079433
2032	40	32	111.18409
2082	41	32	33.97598
2132	42	32	26.087368
2182	43	32	19.588573
2232	44	32	107.702965
2282	45	32	106.69452
2332	46	32	39.722137
2382	47	32	33.28123
2432	48	32	104.68213
2482	49	32	106.47708
31	0	31	105.76159
81	1	31	63.009777
131	2	31	113.87815
181	3	31	113.13483
231	4	31	56.05973
281	5	31	23.167328
331	6	31	90.780594
381	7	31	91.12603
431	8	31	65.03096
481	9	31	92.62204
531	10	31	115.99986
581	11	31	60.165154
631	12	31	71.30481
681	13	31	69.01239
731	14	31	30.23772
781	15	31	112.63697
831	16	31	68.9899
881	17	31	73.99798
931	18	31	54.20607
981	19	31	55.233604
1031	20	31	91.185555
1081	21	31	80.16768
1131	22	31	79.89287
1181	23	31	80.44914
1231	24	31	102.44145
1281	25	31	25.99333
1331	26	31	34.316963
1381	27	31	116.68002
1431	28	31	56.178314
1481	29	31	56.77481
1531	30	31	54.2747
1581	31	31	22.325897
1631	32	31	92.78122
1681	33	31	61.705246
1731	34	31	75.654655
1781	35	31	101.86329
1831	36	31	20.004248
1881	37	31	58.514244
1931	38	31	62.445232
1981	39	31	29.97096
2031	40	31	86.92453
2081	41	31	82.45929
2131	42	31	63.43652
2181	43	31	77.14366
2231	44	31	116.47438
2281	45	31	60.43146
2331	46	31	23.531841
2381	47	31	113.5957
2431	48	31	109.42845
2481	49	31	53.750763
30	0	30	116.643524
80	1	30	30.76256
130	2	30	89.53508
180	3	30	96.16117
230	4	30	71.45067
280	5	30	115.38875
330	6	30	78.204666
380	7	30	84.20133
430	8	30	77.5593
480	9	30	71.198074
530	10	30	77.912415
580	11	30	58.63356
630	12	30	46.567818
680	13	30	81.748825
730	14	30	63.91914
780	15	30	35.099007
830	16	30	20.327642
880	17	30	25.294064
930	18	30	48.795506
980	19	30	20.067463
1030	20	30	19.473333
1080	21	30	115.78562
1130	22	30	99.65289
1180	23	30	56.710873
1230	24	30	57.81148
1280	25	30	42.80623
1330	26	30	46.004498
1380	27	30	22.222816
1430	28	30	65.689865
1480	29	30	78.9581
1530	30	30	48.581543
1580	31	30	323.76248
1630	32	30	25.599216
1680	33	30	93.73062
1730	34	30	77.285446
1780	35	30	65.04901
1830	36	30	114.60853
1880	37	30	71.51052
1930	38	30	83.05919
1980	39	30	63.17588
2030	40	30	102.36167
2080	41	30	19.781088
2130	42	30	94.596825
2180	43	30	48.50643
2230	44	30	86.261635
2280	45	30	73.37096
2330	46	30	55.99206
2380	47	30	36.64437
2430	48	30	113.79272
2480	49	30	27.020432
29	0	29	73.07846
79	1	29	91.093155
129	2	29	54.61426
179	3	29	116.67285
229	4	29	20.676977
279	5	29	86.82563
329	6	29	90.934715
379	7	29	31.325195
429	8	29	83.420685
479	9	29	54.628216
529	10	29	64.990204
579	11	29	115.23695
629	12	29	98.32729
679	13	29	41.940323
729	14	29	71.75126
779	15	29	58.818985
829	16	29	51.331497
879	17	29	97.5121
929	18	29	64.71294
979	19	29	81.70904
1029	20	29	74.20503
1079	21	29	115.53704
1129	22	29	21.758875
1179	23	29	33.982857
1229	24	29	93.53931
1279	25	29	114.37992
1329	26	29	80.99936
1379	27	29	82.82984
1429	28	29	55.419655
1479	29	29	46.48797
1529	30	29	79.43153
1579	31	29	384.93896
1629	32	29	365.42712
1679	33	29	49.598434
1729	34	29	66.848724
1779	35	29	68.40196
1829	36	29	81.814896
1879	37	29	63.64744
1929	38	29	83.67502
1979	39	29	72.38438
2029	40	29	109.779
2079	41	29	24.87403
2129	42	29	61.584217
2179	43	29	117.58674
2229	44	29	84.52096
2279	45	29	66.42064
2329	46	29	57.69107
2379	47	29	366.95438
2429	48	29	79.80385
2479	49	29	107.58711
28	0	28	31.758438
78	1	28	99.2956
128	2	28	33.98989
178	3	28	82.723816
228	4	28	62.0549
278	5	28	82.39835
328	6	28	87.65658
378	7	28	47.085117
428	8	28	81.830765
478	9	28	22.66816
528	10	28	62.974483
578	11	28	91.681046
628	12	28	46.05329
678	13	28	84.31845
728	14	28	106.58208
778	15	28	67.2082
828	16	28	33.296265
878	17	28	59.95402
928	18	28	88.16374
978	19	28	83.92952
1028	20	28	112.48302
1078	21	28	101.20774
1128	22	28	103.21493
1178	23	28	78.45482
1228	24	28	63.32038
1278	25	28	67.55137
1328	26	28	42.311897
1378	27	28	20.192379
1428	28	28	35.18031
1478	29	28	19.16754
1528	30	28	85.2878
1578	31	28	18.87317
1628	32	28	342.17682
1678	33	28	22.333447
1728	34	28	79.58531
1778	35	28	105.1644
1828	36	28	70.92548
1878	37	28	34.181786
1928	38	28	95.658905
1978	39	28	83.722015
2028	40	28	104.17152
2078	41	28	38.014977
2128	42	28	108.85861
2178	43	28	38.968727
2228	44	28	34.91134
2278	45	28	96.70624
2328	46	28	58.76265
2378	47	28	333.39056
2428	48	28	53.21658
2478	49	28	34.030537
27	0	27	92.25237
77	1	27	62.43838
127	2	27	303.0109
177	3	27	386.07376
227	4	27	368.1845
277	5	27	53.025368
327	6	27	45.40367
377	7	27	35.297394
427	8	27	59.837536
477	9	27	32.81908
527	10	27	97.01509
577	11	27	71.476685
627	12	27	100.08672
677	13	27	84.8126
727	14	27	93.82012
777	15	27	67.15578
827	16	27	95.73296
877	17	27	54.343758
927	18	27	100.874535
977	19	27	44.144135
1027	20	27	75.110405
1077	21	27	98.10598
1127	22	27	112.27759
1177	23	27	34.58764
1227	24	27	69.47974
1277	25	27	49.425674
1327	26	27	39.996002
1377	27	27	67.44197
1427	28	27	110.471214
1477	29	27	92.72134
1527	30	27	42.37575
1577	31	27	115.27776
1627	32	27	392.34888
1677	33	27	104.75586
1727	34	27	76.7186
1777	35	27	89.493935
1827	36	27	79.240036
1877	37	27	42.376015
1927	38	27	57.341015
1977	39	27	109.7845
2027	40	27	105.30558
2077	41	27	74.95328
2127	42	27	43.798218
2177	43	27	83.66147
2227	44	27	108.346436
2277	45	27	27.784393
2327	46	27	88.608315
2377	47	27	385.008
2427	48	27	321.81088
2477	49	27	74.362885
26	0	26	29.09632
76	1	26	388.50763
126	2	26	375.25128
176	3	26	312.52838
226	4	26	330.85895
276	5	26	45.353195
326	6	26	89.17227
376	7	26	104.43015
426	8	26	83.11679
476	9	26	76.30414
526	10	26	44.08371
576	11	26	22.765594
626	12	26	56.138474
676	13	26	109.31626
726	14	26	34.342606
776	15	26	114.64944
826	16	26	98.051346
876	17	26	39.68361
926	18	26	29.121643
976	19	26	41.600716
1026	20	26	26.142548
1076	21	26	69.912704
1126	22	26	109.381714
1176	23	26	105.08627
1226	24	26	30.861973
1276	25	26	28.08731
1326	26	26	113.48952
1376	27	26	96.07011
1426	28	26	18.175688
1476	29	26	34.581
1526	30	26	49.79301
1576	31	26	108.22444
1626	32	26	107.06126
1676	33	26	96.28446
1726	34	26	112.17223
1776	35	26	85.73716
1826	36	26	69.72716
1876	37	26	76.0108
1926	38	26	61.20614
1976	39	26	49.45394
2026	40	26	61.0124
2076	41	26	21.36244
2126	42	26	68.74201
2176	43	26	100.30873
2226	44	26	36.45314
2276	45	26	115.8914
2326	46	26	45.22623
2376	47	26	60.55828
2426	48	26	349.91882
2476	49	26	305.78183
25	0	25	106.76633
75	1	25	39.65425
125	2	25	101.2013
175	3	25	92.938896
225	4	25	111.93289
275	5	25	104.649574
325	6	25	65.4323
375	7	25	71.504715
425	8	25	372.41168
475	9	25	86.36953
525	10	25	57.236176
575	11	25	40.919044
625	12	25	31.90646
675	13	25	91.51091
725	14	25	51.12043
775	15	25	90.5987
825	16	25	46.550385
875	17	25	58.78044
925	18	25	96.303566
975	19	25	30.602333
1025	20	25	97.41581
1075	21	25	29.427402
1125	22	25	77.228165
1175	23	25	105.83092
1225	24	25	35.026585
1275	25	25	26.684929
1325	26	25	109.385895
1375	27	25	93.39389
1425	28	25	86.91647
1475	29	25	42.50492
1525	30	25	70.2977
1575	31	25	65.590576
1625	32	25	27.430792
1675	33	25	38.16423
1725	34	25	85.693825
1775	35	25	116.49099
1825	36	25	88.47073
1875	37	25	44.73973
1925	38	25	45.516483
1975	39	25	73.130745
2025	40	25	20.416626
2075	41	25	76.24931
2125	42	25	44.681602
2175	43	25	26.961601
2225	44	25	34.8236
2275	45	25	85.03804
2325	46	25	59.004173
2375	47	25	55.90401
2425	48	25	100.81416
2475	49	25	87.2573
24	0	24	115.40163
74	1	24	104.30788
124	2	24	105.187
174	3	24	53.573963
224	4	24	76.12398
274	5	24	21.394207
324	6	24	50.287254
374	7	24	47.605927
424	8	24	88.40559
474	9	24	68.26469
524	10	24	52.407448
574	11	24	46.14328
624	12	24	93.140915
674	13	24	72.78551
724	14	24	84.09026
774	15	24	104.29634
824	16	24	84.50507
874	17	24	74.91794
924	18	24	67.43764
974	19	24	45.52048
1024	20	24	37.77487
1074	21	24	29.278625
1124	22	24	91.22211
1174	23	24	62.326355
1224	24	24	39.121986
1274	25	24	108.494545
1324	26	24	45.523354
1374	27	24	70.69415
1424	28	24	21.11053
1474	29	24	22.603148
1524	30	24	104.0579
1574	31	24	106.31802
1624	32	24	28.972408
1674	33	24	47.225304
1724	34	24	97.29948
1774	35	24	66.40849
1824	36	24	117.004364
1874	37	24	75.3955
1924	38	24	114.703064
1974	39	24	42.153854
2024	40	24	69.87685
2074	41	24	76.24805
2124	42	24	42.29486
2174	43	24	64.95505
2224	44	24	68.85611
2274	45	24	87.18187
2324	46	24	23.803883
2374	47	24	30.056652
2424	48	24	80.13075
2474	49	24	61.04105
23	0	23	75.41217
73	1	23	87.020096
123	2	23	52.91347
173	3	23	78.81792
223	4	23	109.64521
273	5	23	85.97451
323	6	23	58.41696
373	7	23	79.94113
423	8	23	86.91375
473	9	23	58.47717
523	10	23	47.07731
573	11	23	33.127945
623	12	23	69.957794
673	13	23	31.368456
723	14	23	106.76825
773	15	23	71.31369
823	16	23	363.4209
873	17	23	303.7948
923	18	23	91.195946
973	19	23	22.436455
1023	20	23	21.179773
1073	21	23	66.364845
1123	22	23	21.263988
1173	23	23	31.572372
1223	24	23	114.92629
1273	25	23	20.600916
1323	26	23	82.3313
1373	27	23	83.780136
1423	28	23	101.42907
1473	29	23	64.45001
1523	30	23	109.65275
1573	31	23	18.193474
1623	32	23	86.544266
1673	33	23	86.67292
1723	34	23	56.604298
1773	35	23	43.864952
1823	36	23	57.78632
1873	37	23	22.423676
1923	38	23	74.39465
1973	39	23	102.60513
2023	40	23	53.648396
2073	41	23	70.40117
2123	42	23	30.26891
2173	43	23	95.89943
2223	44	23	98.27358
2273	45	23	36.4564
2323	46	23	108.36468
2373	47	23	21.721222
2423	48	23	88.63977
2473	49	23	69.79738
22	0	22	36.896732
72	1	22	66.59216
122	2	22	91.849815
172	3	22	333.4209
222	4	22	114.81626
272	5	22	107.47486
322	6	22	28.26049
372	7	22	90.60033
422	8	22	98.735886
472	9	22	101.258415
522	10	22	76.57571
572	11	22	27.497822
622	12	22	105.58803
672	13	22	100.78786
722	14	22	117.577255
772	15	22	74.091415
822	16	22	99.75524
872	17	22	60.1702
922	18	22	79.06055
972	19	22	27.106754
1022	20	22	56.47503
1072	21	22	94.351875
1122	22	22	116.7007
1172	23	22	76.01019
1222	24	22	29.531685
1272	25	22	318.4539
1322	26	22	48.647552
1372	27	22	385.0584
1422	28	22	320.41907
1472	29	22	321.71667
1522	30	22	341.23517
1572	31	22	93.289055
1622	32	22	62.73474
1672	33	22	44.80242
1722	34	22	50.33317
1772	35	22	103.430405
1822	36	22	108.707695
1872	37	22	68.30655
1922	38	22	90.90174
1972	39	22	86.14867
2022	40	22	45.712112
2072	41	22	82.05968
2122	42	22	93.35939
2172	43	22	69.18364
2222	44	22	97.90023
2272	45	22	95.90918
2322	46	22	61.793713
2372	47	22	81.71768
2422	48	22	41.70118
2472	49	22	31.55436
21	0	21	21.742886
71	1	21	26.654892
121	2	21	88.34535
171	3	21	117.8295
221	4	21	60.786755
271	5	21	48.695232
321	6	21	72.07811
371	7	21	33.549007
421	8	21	97.55716
471	9	21	98.59084
521	10	21	116.87118
571	11	21	22.361763
621	12	21	73.15178
671	13	21	88.55882
721	14	21	115.16823
771	15	21	75.60087
821	16	21	64.101585
871	17	21	115.65932
921	18	21	84.41355
971	19	21	75.687485
1021	20	21	72.29944
1071	21	21	52.28077
1121	22	21	58.785503
1171	23	21	38.73242
1221	24	21	47.363953
1271	25	21	336.30835
1321	26	21	354.9523
1371	27	21	117.02181
1421	28	21	111.23593
1471	29	21	23.483484
1521	30	21	335.02252
1571	31	21	327.14307
1621	32	21	47.677055
1671	33	21	20.690922
1721	34	21	47.042393
1771	35	21	50.73768
1821	36	21	87.66084
1871	37	21	23.563038
1921	38	21	52.353603
1971	39	21	114.23611
2021	40	21	97.92044
2071	41	21	79.29243
2121	42	21	105.45416
2171	43	21	117.970146
2221	44	21	53.49458
2271	45	21	84.27698
2321	46	21	41.691154
2371	47	21	56.14996
2421	48	21	106.84013
2471	49	21	57.55861
20	0	20	72.42249
70	1	20	53.020336
120	2	20	36.184956
170	3	20	69.845215
220	4	20	37.92965
270	5	20	111.15056
320	6	20	111.059006
370	7	20	37.741386
420	8	20	53.066925
470	9	20	21.263243
520	10	20	42.688133
570	11	20	31.40576
620	12	20	18.827198
670	13	20	47.658203
720	14	20	58.370136
770	15	20	81.99718
820	16	20	108.21423
870	17	20	76.64694
920	18	20	40.088486
970	19	20	68.81694
1020	20	20	63.544937
1070	21	20	113.45248
1120	22	20	89.307495
1170	23	20	109.1715
1220	24	20	99.698456
1270	25	20	89.63466
1320	26	20	89.60216
1370	27	20	38.64781
1420	28	20	43.845913
1470	29	20	90.57046
1520	30	20	77.96904
1570	31	20	98.35615
1620	32	20	54.656166
1670	33	20	108.495285
1720	34	20	78.72519
1770	35	20	110.03492
1820	36	20	27.839666
1870	37	20	70.98135
1920	38	20	34.397713
1970	39	20	105.065506
2020	40	20	26.51667
2070	41	20	20.89592
2120	42	20	99.03029
2170	43	20	45.876335
2220	44	20	115.64017
2270	45	20	114.39658
2320	46	20	116.8091
2370	47	20	73.075714
2420	48	20	107.76755
2470	49	20	97.284515
19	0	19	52.825527
69	1	19	93.54277
119	2	19	85.2431
169	3	19	61.741
219	4	19	20.342365
269	5	19	100.02669
319	6	19	93.45225
369	7	19	28.43499
419	8	19	71.75743
469	9	19	95.796875
519	10	19	117.444176
569	11	19	23.164309
619	12	19	35.55539
669	13	19	107.411224
719	14	19	70.98614
769	15	19	97.78707
819	16	19	93.17522
869	17	19	45.475464
919	18	19	91.20023
969	19	19	83.91518
1019	20	19	103.44777
1069	21	19	63.84177
1119	22	19	87.03982
1169	23	19	77.586586
1219	24	19	67.0524
1269	25	19	108.761635
1319	26	19	66.07759
1369	27	19	35.950485
1419	28	19	81.9875
1469	29	19	77.14575
1519	30	19	85.93974
1569	31	19	22.487722
1619	32	19	62.25875
1669	33	19	53.264496
1719	34	19	110.59075
1769	35	19	86.0455
1819	36	19	53.66748
1869	37	19	45.445286
1919	38	19	86.27707
1969	39	19	65.558655
2019	40	19	93.45706
2069	41	19	59.952686
2119	42	19	108.14629
2169	43	19	35.51268
2219	44	19	55.082516
2269	45	19	42.52276
2319	46	19	79.93712
2369	47	19	102.833694
2419	48	19	68.86899
2469	49	19	26.507496
18	0	18	20.909616
68	1	18	23.08108
118	2	18	58.470264
168	3	18	22.830574
218	4	18	55.543015
268	5	18	393.69336
318	6	18	392.95825
368	7	18	77.03989
418	8	18	64.52966
468	9	18	56.39473
518	10	18	35.39852
568	11	18	103.12596
618	12	18	70.00987
668	13	18	52.95916
718	14	18	89.01973
768	15	18	71.47334
818	16	18	90.67669
868	17	18	113.15696
918	18	18	100.21505
968	19	18	89.7935
1018	20	18	99.37825
1068	21	18	18.3315
1118	22	18	56.793976
1168	23	18	107.36924
1218	24	18	25.227764
1268	25	18	112.572
1318	26	18	21.392292
1368	27	18	33.891335
1418	28	18	71.76686
1468	29	18	49.649773
1518	30	18	38.318184
1568	31	18	70.432755
1618	32	18	42.83326
1668	33	18	32.98333
1718	34	18	38.419975
1768	35	18	29.216583
1818	36	18	111.152435
1868	37	18	23.082912
1918	38	18	92.174065
1968	39	18	313.26932
2018	40	18	105.90091
2068	41	18	113.715385
2118	42	18	79.559006
2168	43	18	117.585945
2218	44	18	23.821499
2268	45	18	63.754387
2318	46	18	115.98815
2368	47	18	104.91691
2418	48	18	88.08745
2468	49	18	30.95919
17	0	17	23.533833
67	1	17	43.506096
117	2	17	80.84229
167	3	17	60.42114
217	4	17	397.28625
267	5	17	351.4088
317	6	17	29.788778
367	7	17	97.457054
417	8	17	26.187
467	9	17	65.734764
517	10	17	73.13695
567	11	17	64.1523
617	12	17	40.018288
667	13	17	93.13558
717	14	17	103.715126
767	15	17	23.613207
817	16	17	88.862015
867	17	17	28.149174
917	18	17	95.118385
967	19	17	60.274685
1017	20	17	102.57313
1067	21	17	70.61932
1117	22	17	107.2219
1167	23	17	95.01515
1217	24	17	23.696339
1267	25	17	89.91344
1317	26	17	38.74424
1367	27	17	48.28267
1417	28	17	22.136864
1467	29	17	69.934685
1517	30	17	66.50481
1567	31	17	83.39311
1617	32	17	112.88167
1667	33	17	32.188843
1717	34	17	45.65684
1767	35	17	35.137573
1817	36	17	18.486542
1867	37	17	19.594984
1917	38	17	21.681112
1967	39	17	323.59866
2017	40	17	329.9076
2067	41	17	113.39358
2117	42	17	19.712584
2167	43	17	18.33128
2217	44	17	110.55479
2267	45	17	91.22178
2317	46	17	100.10507
2367	47	17	54.623085
2417	48	17	106.48501
2467	49	17	23.03493
16	0	16	50.703808
66	1	16	27.181906
116	2	16	84.25599
166	3	16	39.75824
216	4	16	38.52053
266	5	16	40.909546
316	6	16	57.24388
366	7	16	45.179592
416	8	16	60.314766
466	9	16	100.61176
516	10	16	64.919205
566	11	16	102.07158
616	12	16	99.22595
666	13	16	24.297508
716	14	16	47.465546
766	15	16	60.791496
816	16	16	94.35873
866	17	16	66.337006
916	18	16	92.511505
966	19	16	43.258118
1016	20	16	106.68334
1066	21	16	67.298035
1116	22	16	65.587524
1166	23	16	67.6862
1216	24	16	33.361755
1266	25	16	107.09526
1316	26	16	18.143024
1366	27	16	21.659136
1416	28	16	71.885284
1466	29	16	57.925194
1516	30	16	94.03441
1566	31	16	58.653973
1616	32	16	59.01778
1666	33	16	52.76869
1716	34	16	51.947758
1766	35	16	61.210243
1816	36	16	62.68909
1866	37	16	61.298527
1916	38	16	96.514786
1966	39	16	388.5229
2016	40	16	395.5254
2066	41	16	75.4949
2116	42	16	104.5692
2166	43	16	102.86233
2216	44	16	79.16859
2266	45	16	92.518135
2316	46	16	67.71532
2366	47	16	102.43713
2416	48	16	102.34644
2466	49	16	81.47717
15	0	15	32.913864
65	1	15	117.17873
115	2	15	361.42508
165	3	15	22.0998
215	4	15	85.75451
265	5	15	65.87877
315	6	15	84.083244
365	7	15	41.835354
415	8	15	55.382915
465	9	15	96.84958
515	10	15	53.927776
565	11	15	73.9213
615	12	15	91.03077
665	13	15	112.22403
715	14	15	80.84265
765	15	15	112.39314
815	16	15	103.051636
865	17	15	18.095526
915	18	15	95.91851
965	19	15	96.48852
1015	20	15	48.591545
1065	21	15	93.45615
1115	22	15	25.695805
1165	23	15	110.36547
1215	24	15	112.52047
1265	25	15	78.62657
1315	26	15	36.3445
1365	27	15	69.78482
1415	28	15	108.33232
1465	29	15	30.022427
1515	30	15	107.379845
1565	31	15	30.942745
1615	32	15	37.786823
1665	33	15	62.896446
1715	34	15	23.367489
1765	35	15	85.284485
1815	36	15	55.75227
1865	37	15	63.821487
1915	38	15	39.449745
1965	39	15	31.570393
2015	40	15	97.16436
2065	41	15	93.32632
2115	42	15	27.497894
2165	43	15	64.70978
2215	44	15	81.527824
2265	45	15	37.270634
2315	46	15	85.23988
2365	47	15	18.927982
2415	48	15	48.166588
2465	49	15	88.23944
14	0	14	26.17855
64	1	14	345.1955
114	2	14	341.3392
164	3	14	309.302
214	4	14	115.568855
264	5	14	48.363304
314	6	14	92.01382
364	7	14	117.30598
414	8	14	60.224316
464	9	14	91.24507
514	10	14	85.48718
564	11	14	42.14762
614	12	14	95.59447
664	13	14	27.22102
714	14	14	86.513855
764	15	14	97.217705
814	16	14	52.166252
864	17	14	94.118835
914	18	14	80.1021
964	19	14	101.37672
1014	20	14	31.947815
1064	21	14	61.957275
1114	22	14	46.361343
1164	23	14	108.15268
1214	24	14	103.970375
1264	25	14	63.56598
1314	26	14	40.449806
1364	27	14	50.05581
1414	28	14	24.488152
1464	29	14	110.06244
1514	30	14	27.422134
1564	31	14	47.421722
1614	32	14	23.052874
1664	33	14	73.08028
1714	34	14	42.264797
1764	35	14	79.73099
1814	36	14	88.98705
1864	37	14	81.48968
1914	38	14	103.70395
1964	39	14	100.51682
2014	40	14	27.513481
2064	41	14	39.892914
2114	42	14	32.051807
2164	43	14	51.73943
2214	44	14	77.185295
2264	45	14	100.05358
2314	46	14	69.973785
2364	47	14	59.92014
2414	48	14	59.415142
2464	49	14	67.79089
13	0	13	41.283035
63	1	13	345.80414
113	2	13	80.79715
163	3	13	108.71965
213	4	13	98.28171
263	5	13	78.860954
313	6	13	325.86008
363	7	13	328.7591
413	8	13	77.937454
463	9	13	78.94873
513	10	13	88.58858
563	11	13	60.6448
613	12	13	97.097206
663	13	13	102.75698
713	14	13	50.510586
763	15	13	72.85924
813	16	13	71.49616
863	17	13	56.940437
913	18	13	30.649637
963	19	13	110.397675
1013	20	13	21.570057
1063	21	13	30.366905
1113	22	13	31.966478
1163	23	13	69.05441
1213	24	13	21.001804
1263	25	13	43.506294
1313	26	13	94.62444
1363	27	13	107.41407
1413	28	13	55.445248
1463	29	13	114.348625
1513	30	13	64.22336
1563	31	13	37.127586
1613	32	13	112.58595
1663	33	13	48.762787
1713	34	13	116.20974
1763	35	13	113.572334
1813	36	13	87.7976
1863	37	13	116.084465
1913	38	13	49.121716
1963	39	13	58.370243
2013	40	13	92.670586
2063	41	13	36.63208
2113	42	13	36.952057
2163	43	13	39.311085
2213	44	13	23.49532
2263	45	13	63.24361
2313	46	13	25.420216
2363	47	13	48.00304
2413	48	13	96.08099
2463	49	13	70.264626
12	0	12	74.952286
62	1	12	355.99487
112	2	12	392.88318
162	3	12	39.757828
212	4	12	79.36818
262	5	12	24.835173
312	6	12	82.48732
362	7	12	63.608887
412	8	12	107.32339
462	9	12	76.24027
512	10	12	83.424446
562	11	12	25.417866
612	12	12	67.341675
662	13	12	117.724525
712	14	12	98.51634
762	15	12	115.50038
812	16	12	32.19047
862	17	12	57.448853
912	18	12	22.107283
962	19	12	116.357155
1012	20	12	107.770935
1062	21	12	22.343025
1112	22	12	33.707016
1162	23	12	53.45714
1212	24	12	99.92456
1262	25	12	110.3331
1312	26	12	111.085686
1362	27	12	86.50424
1412	28	12	61.77297
1462	29	12	25.41761
1512	30	12	114.321556
1562	31	12	90.387115
1612	32	12	55.22518
1662	33	12	73.61316
1712	34	12	20.15664
1762	35	12	78.35173
1812	36	12	22.603977
1862	37	12	39.4194
1912	38	12	61.124264
1962	39	12	108.4979
2012	40	12	102.01334
2062	41	12	86.61485
2112	42	12	98.03915
2162	43	12	49.36873
2212	44	12	67.6001
2262	45	12	19.556145
2312	46	12	51.0326
2362	47	12	36.793797
2412	48	12	116.46782
2462	49	12	73.43361
11	0	11	79.66025
61	1	11	367.01138
111	2	11	349.0502
161	3	11	116.772156
211	4	11	114.31867
261	5	11	86.48866
311	6	11	48.77737
361	7	11	99.66107
411	8	11	24.252033
461	9	11	18.218262
511	10	11	24.218933
561	11	11	41.48491
611	12	11	96.8228
661	13	11	79.73563
711	14	11	116.04968
761	15	11	31.72496
811	16	11	44.289017
861	17	11	26.052265
911	18	11	110.30922
961	19	11	92.36431
1011	20	11	41.902473
1061	21	11	84.6494
1111	22	11	33.380405
1161	23	11	73.92641
1211	24	11	31.722527
1261	25	11	49.062683
1311	26	11	18.544779
1361	27	11	98.10894
1411	28	11	58.217392
1461	29	11	34.212738
1511	30	11	117.533226
1561	31	11	38.125225
1611	32	11	32.141342
1661	33	11	52.65687
1711	34	11	45.0675
1761	35	11	77.58867
1811	36	11	33.68422
1861	37	11	104.5515
1911	38	11	106.42353
1961	39	11	29.748363
2011	40	11	68.67899
2061	41	11	20.545177
2111	42	11	110.94969
2161	43	11	80.75716
2211	44	11	82.2211
2261	45	11	56.40984
2311	46	11	24.15927
2361	47	11	117.62767
2411	48	11	68.1593
2461	49	11	95.833405
10	0	10	104.940315
60	1	10	98.85931
110	2	10	117.97794
160	3	10	80.88933
210	4	10	103.9385
260	5	10	89.25057
310	6	10	114.61595
360	7	10	28.508945
410	8	10	43.880543
460	9	10	28.549812
510	10	10	71.92116
560	11	10	33.195923
610	12	10	65.52884
660	13	10	31.85504
710	14	10	24.630867
760	15	10	97.68861
810	16	10	69.08543
860	17	10	51.916492
910	18	10	32.694584
960	19	10	85.82516
1010	20	10	66.64169
1060	21	10	87.86348
1110	22	10	72.25835
1160	23	10	74.96961
1210	24	10	63.068024
1260	25	10	44.33783
1310	26	10	86.10179
1360	27	10	107.01234
1410	28	10	68.20074
1460	29	10	46.154655
1510	30	10	67.217445
1560	31	10	42.112717
1610	32	10	37.677666
1660	33	10	67.07274
1710	34	10	42.939137
1760	35	10	39.615555
1810	36	10	65.82573
1860	37	10	79.96399
1910	38	10	76.015625
1960	39	10	109.13532
2010	40	10	62.250843
2060	41	10	91.957184
2110	42	10	110.146286
2160	43	10	40.671486
2210	44	10	35.745018
2260	45	10	27.671349
2310	46	10	24.459824
2360	47	10	43.76229
2410	48	10	79.66789
2460	49	10	61.715656
9	0	9	24.746872
59	1	9	36.768448
109	2	9	76.13565
159	3	9	93.73001
209	4	9	101.81398
259	5	9	89.402565
309	6	9	77.51064
359	7	9	26.425652
409	8	9	50.804375
459	9	9	38.685265
509	10	9	102.060036
559	11	9	36.228024
609	12	9	55.788834
659	13	9	50.262688
709	14	9	43.136852
759	15	9	69.26526
809	16	9	96.44648
859	17	9	87.39616
909	18	9	32.172222
959	19	9	34.01528
1009	20	9	63.430607
1059	21	9	44.146965
1109	22	9	89.80557
1159	23	9	42.68125
1209	24	9	103.377464
1259	25	9	65.256035
1309	26	9	78.06031
1359	27	9	28.710966
1409	28	9	57.7523
1459	29	9	88.38023
1509	30	9	78.003265
1559	31	9	51.399353
1609	32	9	80.67949
1659	33	9	117.995415
1709	34	9	39.016438
1759	35	9	36.03606
1809	36	9	78.09819
1859	37	9	57.21447
1909	38	9	65.57602
1959	39	9	72.68936
2009	40	9	24.254585
2059	41	9	33.832897
2109	42	9	28.336258
2159	43	9	107.69173
2209	44	9	68.315216
2259	45	9	25.344736
2309	46	9	97.9122
2359	47	9	78.05951
2409	48	9	63.58361
2459	49	9	90.56397
8	0	8	76.586685
58	1	8	53.8903
108	2	8	45.333916
158	3	8	96.95456
208	4	8	81.53793
258	5	8	48.302345
308	6	8	19.183483
358	7	8	91.26266
408	8	8	44.36942
458	9	8	25.216793
508	10	8	107.635
558	11	8	94.33416
608	12	8	83.084274
658	13	8	74.45091
708	14	8	26.6105
758	15	8	112.31515
808	16	8	90.271935
858	17	8	110.161736
908	18	8	57.110615
958	19	8	85.27909
1008	20	8	86.571945
1058	21	8	29.503521
1108	22	8	72.81329
1158	23	8	36.984657
1208	24	8	19.045603
1258	25	8	91.004364
1308	26	8	70.41343
1358	27	8	20.27509
1408	28	8	51.76828
1458	29	8	92.71133
1508	30	8	98.55912
1558	31	8	25.089233
1608	32	8	77.58432
1658	33	8	47.808174
1708	34	8	62.421055
1758	35	8	38.199562
1808	36	8	79.89937
1858	37	8	94.769165
1908	38	8	24.045265
1958	39	8	47.05497
2008	40	8	28.41108
2058	41	8	43.826088
2108	42	8	82.8953
2158	43	8	23.082056
2208	44	8	351.58044
2258	45	8	341.05414
2308	46	8	87.69411
2358	47	8	89.32527
2408	48	8	32.06848
2458	49	8	26.362646
7	0	7	114.40751
57	1	7	46.074493
107	2	7	55.74772
157	3	7	44.091988
207	4	7	68.890076
257	5	7	46.885666
307	6	7	33.265465
357	7	7	36.40851
407	8	7	40.071037
457	9	7	88.092606
507	10	7	70.39235
557	11	7	41.022717
607	12	7	45.77781
657	13	7	64.83479
707	14	7	104.08246
757	15	7	81.39867
807	16	7	72.74512
857	17	7	64.06131
907	18	7	86.52089
957	19	7	73.700455
1007	20	7	116.82604
1057	21	7	116.91476
1107	22	7	38.672066
1157	23	7	60.379387
1207	24	7	55.653484
1257	25	7	60.637047
1307	26	7	110.81614
1357	27	7	63.965347
1407	28	7	42.597923
1457	29	7	115.4891
1507	30	7	57.67492
1557	31	7	56.098354
1607	32	7	77.79464
1657	33	7	24.490086
1707	34	7	39.93705
1757	35	7	109.76838
1807	36	7	92.34489
1857	37	7	77.306046
1907	38	7	86.1568
1957	39	7	67.73535
2007	40	7	72.78638
2057	41	7	18.054123
2107	42	7	40.227333
2157	43	7	88.56882
2207	44	7	36.467484
2257	45	7	372.55826
2307	46	7	77.55645
2357	47	7	57.90261
2407	48	7	108.650185
2457	49	7	92.07385
6	0	6	91.076416
56	1	6	62.280006
106	2	6	27.191105
156	3	6	94.64786
206	4	6	103.31005
256	5	6	83.802734
306	6	6	27.064747
356	7	6	41.549427
406	8	6	60.055794
456	9	6	39.038013
506	10	6	20.499996
556	11	6	50.299484
606	12	6	61.822353
656	13	6	82.86228
706	14	6	107.545074
756	15	6	93.44479
806	16	6	103.785225
856	17	6	46.65297
906	18	6	75.238846
956	19	6	68.046616
1006	20	6	41.759804
1056	21	6	113.48638
1106	22	6	68.204
1156	23	6	48.310165
1206	24	6	100.54242
1256	25	6	49.97045
1306	26	6	20.104946
1356	27	6	107.65936
1406	28	6	26.68395
1456	29	6	92.25456
1506	30	6	62.500977
1556	31	6	29.419098
1606	32	6	88.12952
1656	33	6	31.82336
1706	34	6	36.307266
1756	35	6	105.178154
1806	36	6	65.791534
1856	37	6	30.799545
1906	38	6	69.089386
1956	39	6	60.46349
2006	40	6	107.85076
2056	41	6	67.90298
2106	42	6	106.555374
2156	43	6	47.88256
2206	44	6	46.75627
2256	45	6	33.94366
2306	46	6	88.23599
2356	47	6	62.437153
2406	48	6	101.22322
2456	49	6	80.03554
5	0	5	109.95563
55	1	5	66.03435
105	2	5	101.38561
155	3	5	62.781216
205	4	5	101.60813
255	5	5	41.96915
305	6	5	99.68122
355	7	5	30.310694
405	8	5	93.6666
455	9	5	30.225307
505	10	5	59.279633
555	11	5	70.29443
605	12	5	69.993515
655	13	5	115.94713
705	14	5	114.03121
755	15	5	65.73486
805	16	5	31.967836
855	17	5	54.378193
905	18	5	96.94679
955	19	5	90.24241
1005	20	5	96.00603
1055	21	5	24.171045
1105	22	5	66.35133
1155	23	5	50.154293
1205	24	5	57.199802
1255	25	5	96.1891
1305	26	5	102.501854
1355	27	5	46.270844
1405	28	5	46.330345
1455	29	5	83.79845
1505	30	5	73.90573
1555	31	5	27.902111
1605	32	5	56.133987
1655	33	5	21.223597
1705	34	5	33.787792
1755	35	5	33.56289
1805	36	5	31.691143
1855	37	5	34.02643
1905	38	5	52.341465
1955	39	5	93.70479
2005	40	5	34.96958
2055	41	5	113.50873
2105	42	5	91.4135
2155	43	5	18.053751
2205	44	5	46.12449
2255	45	5	22.351225
2305	46	5	70.988525
2355	47	5	22.226177
2405	48	5	59.62552
2455	49	5	57.28234
4	0	4	25.534777
54	1	4	97.78991
104	2	4	76.93132
154	3	4	76.752884
204	4	4	83.33546
254	5	4	64.16022
304	6	4	73.85794
354	7	4	104.30908
404	8	4	30.493301
454	9	4	70.429565
504	10	4	75.4642
554	11	4	78.70788
604	12	4	64.16915
654	13	4	116.64776
704	14	4	102.38569
754	15	4	69.04517
804	16	4	115.94654
854	17	4	72.95267
904	18	4	112.31884
954	19	4	76.03294
1004	20	4	23.562778
1054	21	4	101.23297
1104	22	4	101.90942
1154	23	4	91.20839
1204	24	4	82.28262
1254	25	4	86.74524
1304	26	4	20.096863
1354	27	4	33.146194
1404	28	4	57.296703
1454	29	4	102.50819
1504	30	4	103.69705
1554	31	4	28.270065
1604	32	4	27.42621
1654	33	4	59.180668
1704	34	4	103.72989
1754	35	4	76.58919
1804	36	4	27.6852
1854	37	4	92.31574
1904	38	4	100.20584
1954	39	4	79.38533
2004	40	4	36.24952
2054	41	4	86.58557
2104	42	4	34.37333
2154	43	4	77.27681
2204	44	4	42.168335
2254	45	4	64.95024
2304	46	4	19.063686
2354	47	4	101.48762
2404	48	4	73.37814
2454	49	4	76.23435
3	0	3	51.29193
53	1	3	31.641792
103	2	3	84.141556
153	3	3	117.1119
203	4	3	106.42632
253	5	3	22.57769
303	6	3	23.549913
353	7	3	73.97535
403	8	3	95.622375
453	9	3	57.89969
503	10	3	28.741608
553	11	3	111.227554
603	12	3	49.591827
653	13	3	81.39601
703	14	3	78.40541
753	15	3	344.2021
803	16	3	76.666824
853	17	3	114.02856
903	18	3	34.716736
953	19	3	114.09242
1003	20	3	49.278393
1053	21	3	84.09192
1103	22	3	110.206764
1153	23	3	63.37196
1203	24	3	112.12636
1253	25	3	60.90797
1303	26	3	47.798443
1353	27	3	104.46244
1403	28	3	95.82185
1453	29	3	103.16226
1503	30	3	111.14713
1553	31	3	65.90234
1603	32	3	58.780582
1653	33	3	91.646355
1703	34	3	117.49904
1753	35	3	28.307854
1803	36	3	93.77352
1853	37	3	81.440765
1903	38	3	43.758038
1953	39	3	52.564934
2003	40	3	95.702934
2053	41	3	41.143356
2103	42	3	47.376923
2153	43	3	76.71962
2203	44	3	24.696968
2253	45	3	56.87598
2303	46	3	95.12916
2353	47	3	44.125134
2403	48	3	88.49339
2453	49	3	74.72673
2	0	2	103.48666
52	1	2	24.767815
102	2	2	79.00546
152	3	2	29.707993
202	4	2	38.530884
252	5	2	101.239975
302	6	2	76.82547
352	7	2	102.01217
402	8	2	57.00636
452	9	2	110.86952
502	10	2	70.10002
552	11	2	60.905758
602	12	2	116.79259
652	13	2	117.45091
702	14	2	70.166916
752	15	2	370.69794
802	16	2	86.23228
852	17	2	90.98286
902	18	2	46.896404
952	19	2	21.262493
1002	20	2	20.094536
1052	21	2	87.03691
1102	22	2	63.643375
1152	23	2	69.22586
1202	24	2	57.563335
1252	25	2	113.41705
1302	26	2	28.296642
1352	27	2	108.37805
1402	28	2	98.91816
1452	29	2	104.12492
1502	30	2	47.751106
1552	31	2	77.98811
1602	32	2	93.034355
1652	33	2	108.60997
1702	34	2	48.37268
1752	35	2	18.209833
1802	36	2	117.09236
1852	37	2	90.580475
1902	38	2	24.130005
1952	39	2	57.39151
2002	40	2	53.70252
2052	41	2	92.6285
2102	42	2	100.83773
2152	43	2	114.36691
2202	44	2	110.01241
2252	45	2	96.01285
2302	46	2	48.267292
2352	47	2	112.37141
2402	48	2	62.713627
2452	49	2	99.04238
1	0	1	81.17674
51	1	1	75.78328
101	2	1	68.49767
151	3	1	105.27688
201	4	1	80.619
251	5	1	116.53961
301	6	1	51.809917
351	7	1	32.656124
401	8	1	19.773897
451	9	1	103.75841
501	10	1	108.8752
551	11	1	71.320175
601	12	1	70.45032
651	13	1	90.33294
701	14	1	93.02205
751	15	1	59.87664
801	16	1	317.06067
851	17	1	365.9358
901	18	1	377.78662
951	19	1	304.18066
1001	20	1	51.961414
1051	21	1	44.555878
1101	22	1	47.010864
1151	23	1	58.55261
1201	24	1	61.502132
1251	25	1	327.16415
1301	26	1	323.23688
1351	27	1	77.93619
1401	28	1	74.88041
1451	29	1	41.56717
1501	30	1	74.02368
1551	31	1	63.41857
1601	32	1	76.558105
1651	33	1	63.109688
1701	34	1	37.51133
1751	35	1	51.22194
1801	36	1	21.507244
1851	37	1	19.395926
1901	38	1	33.365227
1951	39	1	75.99943
2001	40	1	95.61508
2051	41	1	70.61505
2101	42	1	23.241957
2151	43	1	97.93991
2201	44	1	113.843895
2251	45	1	66.14517
2301	46	1	106.230865
2351	47	1	64.9409
2401	48	1	103.736725
2451	49	1	71.62628
0	0	0	69.77724
50	1	0	110.040504
100	2	0	33.12657
150	3	0	101.43763
200	4	0	84.755905
250	5	0	30.376453
300	6	0	84.3888
350	7	0	109.21561
400	8	0	109.78247
450	9	0	39.870476
500	10	0	69.16561
550	11	0	74.35527
600	12	0	71.09891
650	13	0	84.590034
700	14	0	62.903084
750	15	0	89.5687
800	16	0	341.46814
850	17	0	379.3841
900	18	0	311.73245
950	19	0	53.693504
1000	20	0	78.47049
1050	21	0	100.6321
1100	22	0	90.939804
1150	23	0	77.93222
1200	24	0	348.26648
1250	25	0	347.06506
1300	26	0	337.70853
1350	27	0	45.352158
1400	28	0	77.03437
1450	29	0	79.38921
1500	30	0	388.88397
1550	31	0	366.8033
1600	32	0	300.45282
1650	33	0	36.478714
1700	34	0	62.60528
1750	35	0	64.42882
1800	36	0	103.68727
1850	37	0	57.904503
1900	38	0	28.058392
1950	39	0	31.205692
2000	40	0	93.42917
2050	41	0	52.705925
2100	42	0	105.50792
2150	43	0	46.09463
2200	44	0	57.845802
2250	45	0	37.265503
2300	46	0	45.91733
2350	47	0	97.77548
2400	48	0	46.122475
2450	49	0	83.90636
